"Date","Price","Open","High","Low","Vol.","Change %"
"01-06-2026","600.47","630.40","635.75","599.53","29.14M","-5.07%"
"29-05-2026","632.51","633.50","634.50","623.35","19.81M","-0.44%"
"28-05-2026","635.29","639.49","643.00","629.31","16.77M","0.01%"
"27-05-2026","635.26","609.40","638.50","609.00","23.14M","3.74%"
"26-05-2026","612.34","608.89","614.47","605.30","12.23M","0.34%"
"22-05-2026","610.26","607.88","614.81","606.95","11.69M","0.47%"
"21-05-2026","607.38","600.00","609.60","594.81","13.48M","0.38%"
"20-05-2026","605.06","600.76","608.00","597.81","11.33M","0.41%"
"19-05-2026","602.61","608.92","613.93","600.55","11.75M","-1.41%"
"18-05-2026","611.21","609.10","615.59","603.69","13.77M","-0.49%"
"15-05-2026","614.23","613.99","621.20","609.31","13.27M","-0.68%"
"14-05-2026","618.43","616.00","623.73","615.00","10.65M","0.29%"
"13-05-2026","616.63","598.83","619.90","596.66","14.63M","2.26%"
"12-05-2026","603.00","594.82","603.74","592.60","11.35M","0.69%"
"11-05-2026","598.86","604.57","604.91","598.08","15.94M","-1.77%"
"08-05-2026","609.63","615.20","616.77","606.06","13.56M","-1.16%"
"07-05-2026","616.81","614.72","624.98","613.54","12.31M","0.64%"
"06-05-2026","612.88","601.05","619.95","598.10","19.92M","1.31%"
"05-05-2026","604.96","613.31","614.35","600.36","17.17M","-0.89%"
"04-05-2026","610.41","607.93","614.00","602.75","16.20M","0.27%"
"01-05-2026","608.74","614.69","618.88","606.11","21.40M","-0.52%"
"30-04-2026","611.91","619.32","620.85","600.00","52.76M","-8.55%"
"29-04-2026","669.12","668.91","674.25","663.81","18.95M","-0.33%"
"28-04-2026","671.34","674.24","678.18","665.63","10.61M","-1.07%"
"27-04-2026","678.62","670.99","682.50","670.84","12.81M","0.53%"
"24-04-2026","675.03","660.32","680.67","653.84","13.35M","2.41%"
"23-04-2026","659.15","663.70","669.56","653.05","11.67M","-2.31%"
"22-04-2026","674.72","674.35","678.38","669.75","9.22M","0.88%"
"21-04-2026","668.84","671.00","676.20","667.33","8.66M","-0.31%"
"20-04-2026","670.91","681.36","683.38","668.00","12.53M","-2.56%"
"17-04-2026","688.55","678.60","691.52","675.13","16.28M","1.73%"
"16-04-2026","676.87","675.99","677.58","667.75","9.54M","0.79%"
"15-04-2026","671.58","667.00","678.50","664.22","14.95M","1.37%"
"14-04-2026","662.49","643.22","666.26","639.37","17.82M","4.41%"
"13-04-2026","634.53","629.50","635.00","624.40","9.54M","0.74%"
"10-04-2026","629.86","634.47","638.58","624.33","13.29M","0.23%"
"09-04-2026","628.39","626.97","637.50","623.00","19.01M","2.61%"
"08-04-2026","612.42","606.00","629.95","591.83","32.04M","6.50%"
"07-04-2026","575.05","572.48","575.22","564.76","9.58M","0.35%"
"06-04-2026","573.02","577.69","582.79","572.00","9.52M","-0.25%"
"02-04-2026","574.46","566.03","578.50","559.70","13.52M","-0.82%"
"01-04-2026","579.23","580.13","592.55","573.82","23.61M","1.24%"
"31-03-2026","572.13","549.98","573.69","546.77","32.90M","6.67%"
"30-03-2026","536.38","536.38","539.55","528.54","22.80M","2.03%"
"27-03-2026","525.72","540.10","543.60","520.26","30.13M","-3.99%"
"26-03-2026","547.54","582.49","583.00","543.35","35.78M","-7.96%"
"25-03-2026","594.89","598.74","603.67","593.40","12.59M","0.33%"
"24-03-2026","592.92","599.10","601.00","591.00","10.74M","-1.84%"
"23-03-2026","604.06","605.79","608.64","599.01","13.64M","1.75%"
"20-03-2026","593.66","603.53","603.96","587.25","21.21M","-2.15%"
"19-03-2026","606.70","612.15","613.00","602.26","13.25M","-1.46%"
"18-03-2026","615.68","616.34","622.65","614.61","11.73M","-1.12%"
"17-03-2026","622.66","627.98","636.55","621.70","10.35M","-0.76%"
"16-03-2026","627.45","632.00","634.75","623.10","15.13M","2.24%"
"13-03-2026","613.71","623.89","629.17","609.55","18.96M","-3.83%"
"12-03-2026","638.18","648.75","653.50","636.90","11.62M","-2.55%"
"11-03-2026","654.86","654.76","659.12","648.36","8.98M","0.12%"
"10-03-2026","654.07","653.56","660.30","649.00","9.86M","1.03%"
"09-03-2026","647.39","634.78","647.75","626.78","13.49M","0.39%"
"06-03-2026","644.86","647.90","649.47","636.11","13.16M","-2.38%"
"05-03-2026","660.57","661.93","670.70","650.31","13.34M","-1.07%"
"04-03-2026","667.73","657.96","672.77","657.67","10.81M","1.93%"
"03-03-2026","655.08","648.29","659.04","638.84","12.26M","0.23%"
"02-03-2026","653.56","637.16","659.94","634.50","9.82M","0.83%"
"27-02-2026","648.18","643.45","649.44","638.12","15.70M","-1.34%"
"26-02-2026","657.01","650.55","661.00","647.50","10.64M","0.51%"
"25-02-2026","653.69","642.53","653.88","642.14","11.33M","2.25%"
"24-02-2026","639.30","633.08","641.11","628.98","10.14M","0.32%"
"23-02-2026","637.25","652.54","657.70","636.00","8.61M","-2.81%"
"20-02-2026","655.66","639.68","663.35","638.78","14.18M","1.69%"
"19-02-2026","644.78","638.57","647.19","636.72","10.04M","0.24%"
"18-02-2026","643.22","633.80","645.00","628.15","14.65M","0.61%"
"17-02-2026","639.29","639.49","642.60","628.80","12.67M","-0.08%"
"13-02-2026","639.77","645.10","651.43","634.57","12.34M","-1.55%"
"12-02-2026","649.81","669.97","676.00","645.28","14.96M","-2.82%"
"11-02-2026","668.69","674.00","679.27","657.10","14.32M","-0.30%"
"10-02-2026","670.72","677.60","680.65","669.79","10.46M","-0.96%"
"09-02-2026","677.22","663.18","683.31","658.78","14.84M","2.38%"
"06-02-2026","661.46","665.49","671.99","646.50","18.16M","-1.31%"
"05-02-2026","670.21","663.58","681.50","653.50","17.13M","0.18%"
"04-02-2026","668.99","687.73","688.83","667.46","16.88M","-3.28%"
"03-02-2026","691.70","707.37","717.00","686.41","13.76M","-2.08%"
"02-02-2026","706.41","714.60","721.30","703.52","14.37M","-1.41%"
"30-01-2026","716.50","727.50","732.17","713.59","23.74M","-2.95%"
"29-01-2026","738.31","737.43","744.00","712.55","59.85M","10.40%"
"28-01-2026","668.73","674.50","677.68","666.10","25.71M","-0.63%"
"27-01-2026","672.97","674.59","676.82","664.66","13.30M","0.09%"
"26-01-2026","672.36","665.13","675.28","661.29","16.33M","2.06%"
"23-01-2026","658.76","644.77","666.49","644.45","22.80M","1.72%"
"22-01-2026","647.63","629.35","660.57","626.55","21.39M","5.66%"
"21-01-2026","612.96","606.74","618.27","600.08","14.49M","1.46%"
"20-01-2026","604.12","607.88","611.40","600.00","15.17M","-2.60%"
"16-01-2026","620.25","624.18","629.08","620.08","17.01M","-0.09%"
"15-01-2026","620.80","618.48","624.17","614.23","13.08M","0.86%"
"14-01-2026","615.52","626.50","628.45","614.82","15.53M","-2.47%"
"13-01-2026","631.09","642.27","642.27","624.10","18.03M","-1.69%"
"12-01-2026","641.97","652.53","653.97","641.22","14.80M","-1.70%"
"09-01-2026","653.06","645.43","654.95","642.85","11.63M","1.08%"
"08-01-2026","646.06","645.88","647.10","635.72","11.92M","-0.41%"
"07-01-2026","648.69","655.64","659.15","644.81","12.85M","-1.81%"
"06-01-2026","660.62","659.57","665.52","651.90","11.07M","0.28%"
"05-01-2026","658.79","651.01","664.54","647.75","12.21M","1.29%"
"02-01-2026","650.41","662.72","664.39","643.50","13.73M","-1.47%"
"31-12-2025","660.09","664.75","665.00","659.44","7.94M","-0.88%"
"30-12-2025","665.95","658.69","672.22","657.84","9.19M","1.10%"
"29-12-2025","658.69","658.01","660.25","654.39","8.51M","-0.69%"
"26-12-2025","663.29","668.06","668.95","661.32","7.13M","-0.64%"
"24-12-2025","667.55","662.53","668.18","662.20","5.63M","0.39%"
"23-12-2025","664.94","660.05","666.00","658.25","8.49M","0.52%"
"22-12-2025","661.50","661.65","673.58","656.65","15.66M","0.41%"
"19-12-2025","658.77","666.42","671.00","658.18","49.98M","-0.85%"
"18-12-2025","664.45","657.03","670.56","656.46","20.26M","2.30%"
"17-12-2025","649.50","655.61","661.23","649.20","15.60M","-1.16%"
"16-12-2025","657.15","643.50","662.54","643.20","14.31M","1.49%"
"15-12-2025","647.51","645.70","653.00","638.70","15.55M","0.51%"
"12-12-2025","644.23","649.80","711.00","638.61","14.02M","-1.30%"
"11-12-2025","652.71","643.29","655.28","640.79","13.06M","0.40%"
"10-12-2025","650.13","649.95","654.51","643.40","16.91M","-1.04%"
"09-12-2025","656.96","663.77","664.48","653.34","13.00M","-1.48%"
"08-12-2025","666.80","669.34","676.71","665.07","13.16M","-0.98%"
"05-12-2025","673.42","664.00","674.69","662.39","21.21M","1.80%"
"04-12-2025","661.53","676.00","676.10","660.05","29.87M","3.43%"
"03-12-2025","639.60","644.41","648.85","637.55","11.13M","-1.16%"
"02-12-2025","647.10","642.34","647.87","638.07","11.64M","0.97%"
"01-12-2025","640.87","639.55","645.32","637.76","13.03M","-1.09%"
"28-11-2025","647.95","636.08","648.05","635.50","11.03M","2.26%"
"26-11-2025","633.61","637.69","638.36","631.63","15.21M","-0.41%"
"25-11-2025","636.22","624.00","637.04","618.30","25.21M","3.78%"
"24-11-2025","613.05","598.72","616.70","597.63","23.55M","3.16%"
"21-11-2025","594.25","588.50","598.12","581.86","21.05M","0.87%"
"20-11-2025","589.15","603.50","606.72","583.35","20.60M","-0.20%"
"19-11-2025","590.32","593.72","595.33","581.25","24.74M","-1.23%"
"18-11-2025","597.69","591.60","603.66","583.78","25.50M","-0.72%"
"17-11-2025","602.01","609.03","611.69","595.40","16.50M","-1.22%"
"14-11-2025","609.46","601.79","613.68","595.20","20.72M","-0.07%"
"13-11-2025","609.89","613.07","617.65","603.00","20.97M","0.14%"
"12-11-2025","609.01","628.13","628.99","607.77","24.49M","-2.88%"
"11-11-2025","627.08","628.00","629.56","619.39","13.30M","-0.74%"
"10-11-2025","631.76","631.09","635.00","618.10","19.25M","1.62%"
"07-11-2025","621.71","616.48","622.13","601.20","29.95M","0.45%"
"06-11-2025","618.94","635.85","636.00","618.00","23.63M","-2.67%"
"05-11-2025","635.95","632.31","642.23","626.54","20.22M","1.38%"
"04-11-2025","627.32","628.03","641.74","626.01","27.36M","-1.63%"
"03-11-2025","637.71","656.00","659.33","636.18","33.00M","-1.64%"
"31-10-2025","648.35","674.51","674.89","645.57","56.95M","-2.72%"
"30-10-2025","666.47","669.15","680.96","650.17","88.44M","-11.33%"
"29-10-2025","751.67","754.75","759.16","742.51","26.82M","0.03%"
"28-10-2025","751.44","752.63","758.40","745.52","12.19M","0.08%"
"27-10-2025","750.82","749.73","755.75","748.01","11.32M","1.69%"
"24-10-2025","738.36","736.79","741.21","731.15","9.15M","0.59%"
"23-10-2025","734.00","734.70","742.41","733.10","9.86M","0.08%"
"22-10-2025","733.41","733.83","740.60","724.03","8.73M","0.02%"
"21-10-2025","733.27","736.02","738.50","728.75","7.65M","0.15%"
"20-10-2025","732.17","721.19","733.77","720.18","8.90M","2.13%"
"17-10-2025","716.91","707.08","718.54","706.12","12.23M","0.68%"
"16-10-2025","712.07","717.55","725.49","703.88","9.02M","-0.76%"
"15-10-2025","717.55","717.06","723.90","709.51","10.25M","1.26%"
"14-10-2025","708.65","707.78","715.55","699.33","8.83M","-0.99%"
"13-10-2025","715.70","713.01","719.94","707.64","9.25M","1.47%"
"10-10-2025","705.30","730.92","735.27","704.51","16.98M","-3.85%"
"09-10-2025","733.51","718.28","733.51","712.44","12.72M","2.18%"
"08-10-2025","717.84","713.45","719.65","707.81","10.79M","0.67%"
"07-10-2025","713.08","717.72","718.50","705.75","12.06M","-0.36%"
"06-10-2025","715.66","705.18","716.88","690.51","21.65M","0.72%"
"03-10-2025","710.56","729.63","731.00","710.18","16.15M","-2.27%"
"02-10-2025","727.05","722.58","727.77","718.14","11.42M","1.35%"
"01-10-2025","717.34","721.49","721.85","710.20","20.42M","-2.32%"
"30-09-2025","734.38","742.25","742.97","726.30","16.23M","-1.21%"
"29-09-2025","743.40","748.72","750.78","739.15","9.25M","-0.05%"
"26-09-2025","743.75","750.00","751.93","737.35","9.70M","-0.69%"
"25-09-2025","748.91","753.45","756.77","744.55","10.59M","-1.54%"
"24-09-2025","760.66","757.50","761.11","752.53","8.83M","0.70%"
"23-09-2025","755.40","769.25","770.60","751.07","10.87M","-1.28%"
"22-09-2025","765.16","781.84","785.73","764.47","11.71M","-1.70%"
"19-09-2025","778.38","786.42","790.80","769.19","23.70M","-0.24%"
"18-09-2025","780.25","780.75","788.78","773.36","10.95M","0.58%"
"17-09-2025","775.72","779.99","783.29","766.31","9.40M","-0.42%"
"16-09-2025","779.00","767.00","781.36","765.10","11.78M","1.87%"
"15-09-2025","764.70","757.47","774.07","751.98","10.53M","1.21%"
"12-09-2025","755.59","748.72","757.57","743.76","8.25M","0.62%"
"11-09-2025","750.90","754.65","757.10","748.37","7.92M","-0.14%"
"10-09-2025","751.98","765.13","765.70","751.00","12.48M","-1.79%"
"09-09-2025","765.70","757.49","766.30","753.43","11.00M","1.78%"
"08-09-2025","752.30","755.99","766.51","752.02","13.09M","-0.02%"
"05-09-2025","752.45","752.61","757.95","745.03","9.66M","0.51%"
"04-09-2025","748.65","748.57","761.16","745.82","11.44M","1.57%"
"03-09-2025","737.05","736.00","740.25","733.99","7.70M","0.26%"
"02-09-2025","735.11","726.04","736.00","721.73","9.35M","-0.49%"
"29-08-2025","738.70","745.28","747.14","735.35","9.07M","-1.65%"
"28-08-2025","751.11","744.00","753.05","740.79","7.47M","0.50%"
"27-08-2025","747.38","752.30","754.15","742.84","8.32M","-0.89%"
"26-08-2025","754.10","750.80","754.87","747.94","7.60M","0.11%"
"25-08-2025","753.30","754.82","758.88","750.13","6.86M","-0.20%"
"22-08-2025","754.79","739.23","756.90","734.39","10.61M","2.12%"
"21-08-2025","739.10","744.71","745.50","733.11","8.88M","-1.15%"
"20-08-2025","747.72","747.57","750.20","731.00","11.90M","-0.50%"
"19-08-2025","751.48","767.12","767.17","749.36","12.29M","-2.07%"
"18-08-2025","767.37","775.09","775.81","756.56","16.51M","-2.27%"
"15-08-2025","785.23","784.15","796.25","780.82","13.38M","0.40%"
"14-08-2025","782.13","777.88","787.81","772.51","8.12M","0.26%"
"13-08-2025","780.08","791.15","795.46","778.23","8.81M","-1.26%"
"12-08-2025","790.00","773.00","793.67","772.43","14.58M","3.15%"
"11-08-2025","765.87","770.08","773.46","764.67","7.61M","-0.45%"
"08-08-2025","769.30","762.75","769.90","758.58","7.32M","0.98%"
"07-08-2025","761.83","773.49","775.00","759.55","9.02M","-1.32%"
"06-08-2025","771.99","770.00","773.64","760.46","9.73M","1.12%"
"05-08-2025","763.46","776.45","783.13","763.00","11.64M","-1.66%"
"04-08-2025","776.37","760.00","776.85","758.41","15.80M","3.51%"
"01-08-2025","750.01","760.73","766.00","745.31","19.03M","-3.03%"
"31-07-2025","773.44","775.20","784.75","765.51","38.83M","11.25%"
"30-07-2025","695.21","708.09","708.50","691.20","27.08M","-0.68%"
"29-07-2025","700.00","720.00","724.47","699.91","13.27M","-2.46%"
"28-07-2025","717.63","715.20","724.74","712.68","8.72M","0.69%"
"25-07-2025","712.68","716.91","720.65","711.90","8.27M","-0.30%"
"24-07-2025","714.80","717.05","723.62","714.00","10.92M","0.17%"
"23-07-2025","713.58","706.36","714.63","704.93","8.77M","1.24%"
"22-07-2025","704.81","716.19","716.60","701.41","8.92M","-1.14%"
"21-07-2025","712.97","706.80","717.00","705.76","9.40M","1.23%"
"18-07-2025","704.28","702.19","704.71","691.65","12.78M","0.41%"
"17-07-2025","701.41","704.39","705.90","697.10","11.80M","-0.21%"
"16-07-2025","702.91","713.37","713.97","699.27","13.07M","-1.05%"
"15-07-2025","710.39","723.90","724.47","709.82","11.53M","-1.46%"
"14-07-2025","720.92","717.60","728.00","716.55","8.94M","0.48%"
"11-07-2025","717.51","722.49","725.16","709.70","10.87M","-1.34%"
"10-07-2025","727.24","731.55","735.80","719.60","9.92M","-0.76%"
"09-07-2025","732.78","722.72","737.53","722.72","11.42M","1.68%"
"08-07-2025","720.67","721.57","722.91","714.81","7.77M","0.32%"
"07-07-2025","718.35","717.60","727.00","713.51","9.46M","-0.09%"
"03-07-2025","719.01","726.61","729.03","714.42","8.60M","0.76%"
"02-07-2025","713.57","715.33","720.30","712.80","9.34M","-0.79%"
"01-07-2025","719.22","736.88","737.75","715.37","13.43M","-2.56%"
"30-06-2025","738.09","744.55","747.90","734.25","15.40M","0.61%"
"27-06-2025","733.63","726.52","735.43","725.86","18.78M","1.04%"
"26-06-2025","726.09","714.35","728.22","711.05","13.96M","2.46%"
"25-06-2025","708.68","713.32","716.58","705.38","9.32M","-0.49%"
"24-06-2025","712.20","704.89","713.19","702.11","13.82M","1.96%"
"23-06-2025","698.53","683.69","699.05","678.75","11.08M","2.37%"
"20-06-2025","682.35","700.75","701.82","678.67","22.54M","-1.93%"
"18-06-2025","695.77","698.18","701.59","694.90","10.07M","-0.21%"
"17-06-2025","697.23","702.00","705.97","696.06","10.07M","-0.70%"
"16-06-2025","702.12","699.33","707.15","693.51","13.72M","2.82%"
"13-06-2025","682.87","687.95","694.57","681.01","9.27M","-1.51%"
"12-06-2025","693.36","693.30","695.38","687.00","7.32M","-0.11%"
"11-06-2025","694.14","703.71","708.87","691.99","9.58M","-1.18%"
"10-06-2025","702.40","701.34","703.23","691.56","10.85M","1.20%"
"09-06-2025","694.06","698.46","705.19","693.94","12.77M","-0.52%"
"06-06-2025","697.71","696.17","702.81","691.87","11.73M","1.91%"
"05-06-2025","684.62","691.66","694.38","682.25","13.12M","-0.48%"
"04-06-2025","687.95","669.32","689.00","668.57","14.03M","3.16%"
"03-06-2025","666.85","671.45","675.58","665.03","11.59M","-0.60%"
"02-06-2025","670.90","644.39","673.26","644.26","15.77M","3.62%"
"30-05-2025","647.49","642.50","649.41","632.78","16.24M","0.38%"
"29-05-2025","645.05","651.65","653.32","639.50","8.88M","0.23%"
"28-05-2025","643.58","642.60","650.88","642.55","9.04M","0.20%"
"27-05-2025","642.32","635.41","643.08","632.75","9.51M","2.43%"
"23-05-2025","627.06","624.00","632.45","622.65","8.45M","-1.49%"
"22-05-2025","636.57","634.05","643.25","630.71","8.23M","0.17%"
"21-05-2025","635.50","631.79","646.61","630.17","11.46M","-0.25%"
"20-05-2025","637.10","636.01","639.35","632.26","6.74M","-0.52%"
"19-05-2025","640.43","628.25","643.00","627.80","9.59M","0.01%"
"16-05-2025","640.34","637.96","640.44","626.15","18.52M","-0.55%"
"15-05-2025","643.88","654.28","657.31","638.58","14.34M","-2.35%"
"14-05-2025","659.36","661.21","662.67","654.31","12.35M","0.51%"
"13-05-2025","656.03","645.54","660.92","642.83","18.57M","2.60%"
"12-05-2025","639.43","630.92","640.39","621.03","21.97M","7.92%"
"09-05-2025","592.49","603.72","606.97","591.71","10.43M","-0.92%"
"08-05-2025","598.01","606.28","611.30","596.62","14.62M","0.20%"
"07-05-2025","596.81","590.36","603.08","586.67","13.16M","1.62%"
"06-05-2025","587.31","592.53","596.03","586.58","10.60M","-2.00%"
"05-05-2025","599.27","591.22","603.21","588.05","13.89M","0.38%"
"02-05-2025","597.02","583.46","604.34","578.33","24.74M","4.34%"
"01-05-2025","572.21","592.08","592.95","570.50","31.16M","4.23%"
"30-04-2025","549.00","538.40","549.10","529.50","29.24M","-0.98%"
"29-04-2025","554.44","546.00","556.57","544.12","11.84M","0.85%"
"28-04-2025","549.74","555.64","558.49","540.59","15.18M","0.45%"
"25-04-2025","547.27","546.80","549.86","536.25","17.10M","2.65%"
"24-04-2025","533.15","518.73","533.90","517.50","13.91M","2.48%"
"23-04-2025","520.27","528.53","535.34","516.52","18.17M","4.00%"
"22-04-2025","500.28","491.87","506.88","486.36","17.40M","3.22%"
"21-04-2025","484.66","491.33","493.50","479.80","16.17M","-3.35%"
"17-04-2025","501.48","505.25","507.30","498.01","14.59M","-0.17%"
"16-04-2025","502.31","508.51","513.37","495.63","18.74M","-3.68%"
"15-04-2025","521.52","532.10","537.94","517.50","15.56M","-1.87%"
"14-04-2025","531.48","556.17","557.77","528.28","14.13M","-2.22%"
"11-04-2025","543.57","535.51","547.40","528.59","17.64M","-0.50%"
"10-04-2025","546.29","575.49","581.30","535.30","28.17M","-6.74%"
"09-04-2025","585.77","509.27","587.89","502.11","39.22M","14.76%"
"08-04-2025","510.45","543.25","547.43","502.86","28.03M","-1.12%"
"07-04-2025","516.25","485.10","539.37","481.90","36.61M","2.28%"
"04-04-2025","504.73","506.62","518.00","494.20","38.59M","-5.06%"
"03-04-2025","531.62","546.22","552.56","530.30","34.78M","-8.96%"
"02-04-2025","583.93","574.91","592.66","573.36","13.47M","-0.35%"
"01-04-2025","586.00","570.84","589.91","570.00","12.84M","1.67%"
"31-03-2025","576.36","563.50","578.70","553.30","21.12M","-0.07%"
"28-03-2025","576.74","600.31","601.75","573.92","17.60M","-4.29%"
"27-03-2025","602.58","602.00","614.25","600.10","10.44M","-1.37%"
"26-03-2025","610.98","624.89","626.75","606.61","12.66M","-2.45%"
"25-03-2025","626.31","626.76","633.88","621.18","15.31M","1.21%"
"24-03-2025","618.85","614.97","622.54","612.20","15.74M","3.79%"
"21-03-2025","596.25","583.42","597.54","580.95","25.02M","1.75%"
"20-03-2025","586.00","582.76","610.20","579.51","24.34M","0.33%"
"19-03-2025","584.06","584.28","592.32","574.77","20.54M","0.29%"
"18-03-2025","582.36","600.05","600.25","574.66","20.30M","-3.73%"
"17-03-2025","604.90","607.46","613.10","598.00","15.47M","-0.44%"
"14-03-2025","607.60","602.80","608.86","594.78","12.36M","2.87%"
"13-03-2025","590.64","620.24","620.50","586.51","16.48M","-4.67%"
"12-03-2025","619.56","629.90","633.33","609.35","15.75M","2.29%"
"11-03-2025","605.71","595.05","614.93","593.33","17.40M","1.29%"
"10-03-2025","597.99","608.07","610.11","586.87","22.00M","-4.42%"
"07-03-2025","625.66","625.37","634.79","600.61","21.38M","-0.36%"
"06-03-2025","627.93","648.00","650.56","624.11","13.45M","-4.35%"
"05-03-2025","656.47","641.00","659.50","637.66","13.77M","2.57%"
"04-03-2025","640.00","645.51","649.75","623.65","21.50M","-2.30%"
"03-03-2025","655.05","673.67","681.25","650.84","10.84M","-1.97%"
"28-02-2025","668.20","658.04","669.63","642.60","17.53M","1.51%"
"27-02-2025","658.24","682.45","688.65","657.57","12.50M","-2.29%"
"26-02-2025","673.70","659.65","683.01","658.00","14.49M","2.46%"
"25-02-2025","657.50","665.97","668.00","641.86","20.58M","-1.59%"
"24-02-2025","668.13","686.28","687.27","662.45","15.68M","-2.26%"
"21-02-2025","683.55","696.58","703.87","682.36","15.66M","-1.62%"
"20-02-2025","694.84","697.28","705.63","693.64","12.59M","-1.27%"
"19-02-2025","703.77","704.09","707.00","695.39","17.54M","-1.76%"
"18-02-2025","716.37","736.00","737.00","706.44","21.94M","-2.76%"
"14-02-2025","736.67","726.14","740.91","725.62","16.90M","1.11%"
"13-02-2025","728.56","721.52","729.00","718.04","12.57M","0.44%"
"12-02-2025","725.38","715.30","727.10","712.60","12.02M","0.78%"
"11-02-2025","719.80","713.32","723.66","710.04","13.00M","0.33%"
"10-02-2025","717.40","718.56","721.20","711.33","12.90M","0.40%"
"07-02-2025","714.52","716.79","725.01","711.75","16.43M","0.36%"
"06-02-2025","711.99","705.88","718.90","703.50","13.08M","1.01%"
"05-02-2025","704.87","703.55","718.14","699.01","17.79M","0.10%"
"04-02-2025","704.19","702.50","707.71","691.61","13.83M","0.96%"
"03-02-2025","697.46","675.91","704.00","675.25","21.42M","1.20%"
"31-01-2025","689.18","691.00","705.30","685.58","19.33M","0.32%"
"30-01-2025","687.00","696.82","710.79","676.10","29.32M","1.55%"
"29-01-2025","676.49","675.00","681.05","665.67","21.38M","0.32%"
"28-01-2025","674.33","666.00","682.58","659.47","20.95M","2.19%"
"27-01-2025","659.88","626.61","663.87","625.10","28.40M","1.91%"
"24-01-2025","647.49","636.40","652.00","634.20","19.07M","1.73%"
"23-01-2025","636.45","627.36","636.60","621.15","9.91M","2.08%"
"22-01-2025","623.50","623.30","633.70","619.43","12.27M","1.14%"
"21-01-2025","616.46","617.83","621.50","609.01","11.67M","0.60%"
"17-01-2025","612.77","624.05","624.97","603.67","17.28M","0.24%"
"16-01-2025","611.30","611.50","616.25","609.71","8.36M","-0.94%"
"15-01-2025","617.12","610.21","622.46","606.50","15.52M","3.85%"
"14-01-2025","594.25","605.07","605.49","588.55","13.60M","-2.31%"
"13-01-2025","608.33","607.10","608.97","598.45","10.79M","-1.22%"
"10-01-2025","615.86","610.03","629.91","597.34","19.26M","0.84%"
"08-01-2025","610.72","613.40","616.44","602.79","10.09M","-1.16%"
"07-01-2025","617.89","631.70","632.10","608.23","12.07M","-1.95%"
"06-01-2025","630.20","611.83","630.99","605.62","14.56M","4.23%"
"03-01-2025","604.63","604.76","609.50","596.41","11.44M","0.90%"
"02-01-2025","599.24","589.72","604.91","587.82","12.68M","2.34%"
"31-12-2024","585.51","592.27","593.97","583.85","6.02M","-0.97%"
"30-12-2024","591.24","588.75","596.94","585.58","7.03M","-1.43%"
"27-12-2024","599.81","599.41","601.85","589.80","8.08M","-0.59%"
"26-12-2024","603.35","605.48","606.30","598.94","6.09M","-0.72%"
"24-12-2024","607.75","602.72","607.99","599.28","4.73M","1.32%"
"23-12-2024","599.85","589.60","601.09","586.25","10.21M","2.49%"
"20-12-2024","585.25","590.58","603.11","580.00","48.99M","-1.73%"
"19-12-2024","595.57","610.39","611.52","595.00","14.96M","-0.27%"
"18-12-2024","597.19","621.00","627.36","596.32","17.08M","-3.59%"
"17-12-2024","619.44","626.17","632.37","616.54","12.90M","-0.77%"
"16-12-2024","624.24","629.97","631.15","618.58","10.89M","0.63%"
"13-12-2024","620.35","627.22","631.08","616.89","8.45M","-1.66%"
"12-12-2024","630.79","631.50","636.66","627.21","7.47M","-0.30%"
"11-12-2024","632.68","623.37","638.40","621.53","10.84M","2.16%"
"10-12-2024","619.32","617.56","625.59","612.74","10.94M","0.94%"
"09-12-2024","613.57","623.92","626.40","606.17","11.43M","-1.64%"
"06-12-2024","623.77","610.10","629.79","608.53","16.94M","2.44%"
"05-12-2024","608.93","617.08","619.90","607.05","8.08M","-0.79%"
"04-12-2024","613.78","612.96","617.78","605.10","14.70M","0.02%"
"03-12-2024","613.65","595.00","614.20","591.25","14.91M","3.51%"
"02-12-2024","592.83","577.50","594.50","575.57","12.52M","3.22%"
"29-11-2024","574.32","569.00","578.46","566.90","7.13M","0.90%"
"27-11-2024","569.20","574.89","574.98","564.10","7.20M","-0.76%"
"26-11-2024","573.54","566.00","577.50","565.20","10.36M","1.49%"
"25-11-2024","565.11","562.10","572.59","556.39","13.60M","1.07%"
"22-11-2024","559.14","563.55","563.83","554.59","9.16M","-0.70%"
"21-11-2024","563.09","569.52","570.00","549.05","11.15M","-0.43%"
"20-11-2024","565.52","562.93","566.35","554.20","9.80M","0.79%"
"19-11-2024","561.09","551.86","561.43","550.60","9.52M","1.21%"
"18-11-2024","554.40","557.04","559.90","550.09","14.35M","0.06%"
"15-11-2024","554.08","571.22","572.57","551.50","17.71M","-4.00%"
"14-11-2024","577.16","577.00","580.76","573.01","11.05M","-0.49%"
"13-11-2024","580.00","582.60","585.64","575.17","10.76M","-0.82%"
"12-11-2024","584.82","588.54","599.66","580.38","16.29M","0.28%"
"11-11-2024","583.17","586.36","587.00","576.51","10.21M","-1.05%"
"08-11-2024","589.34","591.54","593.10","584.52","9.42M","-0.40%"
"07-11-2024","591.70","576.89","594.80","575.21","14.65M","3.44%"
"06-11-2024","572.05","562.75","573.00","555.17","18.31M","-0.07%"
"05-11-2024","572.43","567.30","573.48","566.67","9.78M","2.10%"
"04-11-2024","560.68","564.10","568.69","557.89","12.06M","-1.14%"
"01-11-2024","567.16","567.60","573.67","562.56","15.30M","-0.07%"
"31-10-2024","567.58","585.00","589.90","563.01","26.84M","-4.09%"
"30-10-2024","591.80","600.98","601.20","589.38","26.86M","-0.25%"
"29-10-2024","593.28","580.15","593.67","575.40","13.02M","2.62%"
"28-10-2024","578.16","582.00","583.75","574.12","10.93M","0.86%"
"25-10-2024","573.25","573.93","581.29","571.72","11.34M","0.96%"
"24-10-2024","567.78","567.13","568.88","561.52","7.18M","0.73%"
"23-10-2024","563.69","579.97","585.00","562.50","14.25M","-3.15%"
"22-10-2024","582.01","574.29","583.53","572.12","8.54M","1.19%"
"21-10-2024","575.16","576.03","577.24","569.11","8.17M","-0.23%"
"18-10-2024","576.47","581.10","583.97","575.25","7.69M","-0.08%"
"17-10-2024","576.93","583.33","584.97","575.20","8.70M","0.02%"
"16-10-2024","576.79","581.40","582.08","574.03","11.27M","-1.62%"
"15-10-2024","586.27","590.16","590.61","580.14","9.56M","-0.70%"
"14-10-2024","590.42","594.22","600.10","589.96","8.25M","0.08%"
"11-10-2024","589.95","584.83","591.21","582.71","8.59M","1.05%"
"10-10-2024","583.83","587.57","590.23","582.52","7.74M","-1.13%"
"09-10-2024","590.51","593.99","594.39","581.61","9.53M","-0.40%"
"08-10-2024","592.89","589.69","593.56","585.97","7.86M","1.39%"
"07-10-2024","584.78","598.22","602.95","584.04","12.01M","-1.87%"
"04-10-2024","595.94","583.73","596.85","581.43","14.20M","2.26%"
"03-10-2024","582.77","570.15","583.36","568.73","11.58M","1.74%"
"02-10-2024","572.81","574.86","576.00","569.34","6.52M","-0.63%"
"01-10-2024","576.47","577.98","583.04","570.10","15.26M","0.70%"
"30-09-2024","572.44","567.70","574.68","564.80","12.81M","0.90%"
"27-09-2024","567.36","570.10","570.84","564.51","9.40M","-0.08%"
"26-09-2024","567.84","575.73","577.40","562.35","14.40M","-0.08%"
"25-09-2024","568.31","564.05","576.88","563.72","16.54M","0.88%"
"24-09-2024","563.33","566.68","567.74","554.19","12.99M","-0.19%"
"23-09-2024","564.41","569.50","573.98","562.41","12.83M","0.55%"
"20-09-2024","561.35","560.00","564.50","556.30","22.07M","0.40%"
"19-09-2024","559.10","550.00","562.07","546.52","15.65M","3.93%"
"18-09-2024","537.95","537.07","544.20","533.90","10.32M","0.30%"
"17-09-2024","536.32","537.60","542.10","530.57","11.69M","0.57%"
"16-09-2024","533.28","524.54","534.10","517.40","9.53M","1.65%"
"13-09-2024","524.62","520.34","527.58","517.11","10.32M","-0.19%"
"12-09-2024","525.60","517.05","526.71","515.22","11.99M","2.69%"
"11-09-2024","511.83","507.01","513.12","495.60","10.78M","1.39%"
"10-09-2024","504.79","508.16","514.18","500.03","9.90M","0.00%"
"09-09-2024","504.79","506.16","511.33","502.08","11.05M","0.90%"
"06-09-2024","500.27","521.88","524.58","498.25","14.74M","-3.21%"
"05-09-2024","516.86","511.72","521.63","511.15","8.64M","0.80%"
"04-09-2024","512.74","506.07","516.59","504.07","8.34M","0.19%"
"03-09-2024","511.76","519.64","525.49","508.62","12.46M","-1.83%"
"30-08-2024","521.31","521.35","523.54","515.20","9.16M","0.60%"
"29-08-2024","518.22","519.05","527.20","515.68","8.32M","0.28%"
"28-08-2024","516.78","517.67","521.09","512.45","9.11M","-0.45%"
"27-08-2024","519.10","518.98","524.01","515.31","6.28M","-0.39%"
"26-08-2024","521.12","527.60","528.00","514.95","9.58M","-1.30%"
"23-08-2024","528.00","536.92","539.87","525.06","11.32M","-0.74%"
"22-08-2024","531.93","537.00","544.23","528.59","15.71M","-0.60%"
"21-08-2024","535.16","527.15","539.40","526.93","13.42M","1.60%"
"20-08-2024","526.73","528.35","531.09","525.88","7.94M","-0.48%"
"19-08-2024","529.28","526.87","531.66","522.76","9.88M","0.35%"
"16-08-2024","527.42","531.90","533.66","524.66","14.78M","-1.84%"
"15-08-2024","537.33","531.79","539.77","526.70","13.48M","2.01%"
"14-08-2024","526.76","528.06","534.00","523.13","11.44M","-0.34%"
"13-08-2024","528.54","520.01","531.50","518.15","13.74M","2.44%"
"12-08-2024","515.95","516.86","518.02","509.10","9.77M","-0.35%"
"09-08-2024","517.77","507.71","518.34","505.70","13.70M","1.60%"
"08-08-2024","509.63","497.50","509.96","494.72","16.16M","4.24%"
"07-08-2024","488.92","503.13","510.15","486.86","20.11M","-1.05%"
"06-08-2024","494.09","479.00","502.56","478.65","20.95M","3.86%"
"05-08-2024","475.73","451.35","483.48","450.80","21.40M","-2.54%"
"02-08-2024","488.14","489.00","501.14","476.15","24.04M","-1.93%"
"01-08-2024","497.74","521.00","527.17","492.10","43.08M","4.82%"
"31-07-2024","474.83","471.02","476.50","466.75","24.29M","2.51%"
"30-07-2024","463.19","467.00","472.73","456.70","11.39M","-0.54%"
"29-07-2024","465.71","469.88","473.96","465.02","11.34M","0.00%"
"26-07-2024","465.70","464.20","469.77","459.42","14.22M","2.71%"
"25-07-2024","453.41","463.26","463.55","442.65","18.24M","-1.70%"
"24-07-2024","461.27","472.30","476.30","460.58","17.65M","-5.61%"
"23-07-2024","488.69","489.84","495.22","487.72","9.46M","0.26%"
"22-07-2024","487.40","486.58","492.06","483.90","12.02M","2.23%"
"19-07-2024","476.79","476.06","486.71","475.71","15.15M","0.20%"
"18-07-2024","475.85","475.00","479.24","464.54","19.27M","3.00%"
"17-07-2024","461.99","479.17","479.17","459.12","28.08M","-5.68%"
"16-07-2024","489.79","501.50","503.95","485.79","14.08M","-1.28%"
"15-07-2024","496.16","498.63","506.68","493.37","12.54M","-0.54%"
"12-07-2024","498.87","497.76","508.09","494.23","19.75M","-2.70%"
"11-07-2024","512.70","530.89","535.46","508.37","16.46M","-4.11%"
"10-07-2024","534.69","530.79","538.88","528.36","10.98M","0.88%"
"09-07-2024","530.00","533.75","537.48","528.19","8.77M","0.13%"
"08-07-2024","529.32","542.35","542.81","526.65","14.92M","-1.96%"
"05-07-2024","539.91","511.60","540.87","511.60","21.35M","5.87%"
"03-07-2024","509.96","506.37","511.28","506.02","6.01M","0.09%"
"02-07-2024","509.50","500.76","510.50","499.45","7.74M","0.96%"
"01-07-2024","504.68","504.95","506.58","493.17","10.33M","0.09%"
"28-06-2024","504.22","517.15","521.88","503.84","15.86M","-2.95%"
"27-06-2024","519.56","514.25","522.88","513.90","10.12M","1.26%"
"26-06-2024","513.12","506.64","513.81","504.68","8.88M","0.49%"
"25-06-2024","510.60","497.05","510.71","495.50","12.11M","2.34%"
"24-06-2024","498.91","499.20","507.80","494.29","13.53M","0.83%"
"21-06-2024","494.78","503.45","503.45","492.39","23.13M","-1.38%"
"20-06-2024","501.70","502.00","503.67","496.77","11.80M","0.44%"
"18-06-2024","499.49","504.56","506.00","495.02","13.06M","-1.41%"
"17-06-2024","506.63","501.67","510.75","496.01","11.27M","0.49%"
"14-06-2024","504.16","502.65","507.15","500.75","10.24M","0.01%"
"13-06-2024","504.10","505.71","509.36","501.36","9.95M","-0.93%"
"12-06-2024","508.84","513.99","514.01","504.47","11.98M","0.27%"
"11-06-2024","507.47","500.16","507.60","498.27","9.67M","0.97%"
"10-06-2024","502.60","493.86","502.66","493.41","11.24M","1.96%"
"07-06-2024","492.96","495.91","498.91","490.17","9.38M","-0.16%"
"06-06-2024","493.76","492.98","502.82","490.89","10.67M","-0.26%"
"05-06-2024","495.06","484.45","496.65","483.91","15.69M","3.79%"
"04-06-2024","476.99","477.00","478.89","473.23","7.09M","-0.10%"
"03-06-2024","477.49","470.86","479.60","468.24","11.28M","2.28%"